{"cameraMode":{"drawMode":0,"name":"Shaded","section":"Shading Mode"},"sceneLighting":true,"audioPlay":false,"sceneViewState":{"showFog":true,"showMaterialUpdate":false,"showSkybox":true,"showFlares":true,"showImageEffects":true,"showParticleSystems":true},"in2DMode":false,"pivot":{"x":-16.84405517578125,"y":-6.537980556488037,"z":3.9338741302490236},"rotation":{"x":-0.13304267823696137,"y":0.6240865588188171,"z":-0.10893481969833374,"w":-0.7622010707855225},"size":10.0,"orthographic":false}