{"cameraMode":{"drawMode":0,"name":"Shaded","section":"Shading Mode"},"sceneLighting":false,"audioPlay":false,"sceneViewState":{"showFog":true,"showMaterialUpdate":false,"showSkybox":false,"showFlares":true,"showImageEffects":true,"showParticleSystems":true},"in2DMode":false,"pivot":{"x":5.768667221069336,"y":3.01385760307312,"z":-2.3321025371551515},"rotation":{"x":-0.00024950806982815266,"y":-0.999713659286499,"z":-0.02249697595834732,"w":0.010792517103254795},"size":1.4100890159606934,"orthographic":false}