{"cameraMode":{"drawMode":0,"name":"Shaded","section":"Shading Mode"},"sceneLighting":true,"audioPlay":false,"sceneViewState":{"showFog":true,"showMaterialUpdate":true,"showSkybox":true,"showFlares":true,"showImageEffects":true,"showParticleSystems":true},"in2DMode":false,"pivot":{"x":-6.884065628051758,"y":0.28765469789505007,"z":-1.5673211812973023},"rotation":{"x":-0.21541611850261689,"y":0.32321998476982119,"z":-0.0758189857006073,"w":-0.9183768033981323},"size":4.418576717376709,"orthographic":false}